code,name
1003916,SHREE GANESH MILK
1004145,SANDESH PROVISION STORES
1002971,PR ENTERPRISES.
1000042,OM Agencies
1000044,Jay Bhavani Milk Agency - Pune
1000065,Jay Enterprises - Pune - Ss
1000202,Shivshakti Enterprises
1000249,Regal Traders - Fresh
1000290,Aryan Enterprises - Keshnand
1002390,VAIJAYANTI ENTERPRISES
1002621,ATHARVA ENTERPRISES
1002798,PRIYANSH MARKETING-FRESH
1002956,Bharat Sales Depot - Fresh
1002989,GAURI ENTERPRISES
1003014,SIDDHIVINAYAK ENTERPRISES - Bhynder
1003119,SHREEPAD ENTERPRISES
1003166,TRACKING FRESH FOODS PVT LTD
1003168,Krishna Enterprises
1003175,"S S MARKETING -AKURDI, PCMC"
1003182,Kritika Distributors -Fresh
1003189,A-One Enterprises
1003225,VAISHNAVI ENTERPRISES
1003270,S K ENTERPRISES
1003312,VAISHNAVI GENERAL STORE
1003354,SHREE SAI AGENCY
1003446,SATYAM ENTERPRISES
1003549,KRISHNA ENTERPRISES - GT
1003553,DEVANSH TRADERS
1003700,ANITA AGENCY
1003753,AARUSHI ENTERPRISES
1003756,MUNOT DISTRIBUTORS
1003807,PRANAV ENTERPRISES
1003881,SHIVAM AGENCY-FRESH
1003846,MAHADEV TRADING CO
1003972,Shivansh Milk & Beverages Traders
1004005,AMAR AGENCY
1004041,JAI MATA DI ENTERPRISE
1004133,OM SAI DAIRY
1004181,NISHA MEDICAL & GENERAL STORE
1004178,AAROHI ENTERPRISES
1004179,MANASI DISTRIBUTORS
1004300,SHREE SANKALP SAGAR ENTERPRISES
1004182,MITUL AND COMPANY
1004425,Om Distributor
1000251,Thakkar Tabaco Stores - Fresh
1004462,MG Enterprises
1003039,Ketan Enterprises
1004524,SAI SALES
1004509,REAL DAIRY
1004604,VEENA DISTRIBUTORS
1004708,Shree Charbhuja Enterprises
1004732,Spaarkall
1004736,ROSHNI AGRO ORGANICS
1004746,SHIVAM SUPER MARKET
1003969,KOMAL CAFE
1004856,DULARI ENTERPRISES
1004921,OM CORPORATION
1004910,JAIN DUGDHALAY
1004912,AADIR FOODS
1004955,OM CORPORATION
1004992,THORAT MILK AGENCY
1004975,FAYYAZ ENTERPRISES
1005043,FRESCO FOOD AND SPICES
1005044,SAI SALES
1004978,SANGEETA ENTERPRISE
1005072,BHUMI TRADES
1005071,KRUSHNA ENTERPRISES
1004999,Om General and Kirana Store
1005130,SAISH ENTERPRISES
1005147,FRESHCO VARITIES
1005155,SAGAR MILK SUPPLIERS
1005163,ADITYA AGENCY
1005162,SIDDHIVINAYAK ENTERPRISES - Thane
1005180,JANHAVI ENTERPRIS
1005216,MANDIAL AGORO
1005229,Om Sai Milk Centre 
1005228,Rachna Enterprises and Infotech
1005254,4S FOODS
1005259,MADHAV DAIRY_VASAI
1005257,PARMESHWAR DAIRY
1005267,Yug Enterprises
1005268,Prapti Agency
1004855,VARDAAN ENTERPRISES
1005366,SAI COLD DRINK
1005368,BIRYANI SPOT
1005367,P G ENTERPRISES
1005348,Chile Ent
1005379,Pratapgarh Trading Company
1005347,SWAPNAPURTI TRADING
1005350,SHREE MAHALAXMI DAIRY
1004882,SHAGUN ENTERPRISES
1005587,Varun Enterprises
1005602,IQRA ENTERPRISES
1005641,RAAVI DAIRY
1005257,PARMESHWAR DAIRY
1005262,SHASHI MILK SUPPLIERS
1005703,Malik sanjari enterprise
1005696,Ganesh Distributor 
1005705,SPARKLINE DISTRIBUTOR
1005754,Shree swami samarth Enterprise
1005791,Mahi Milk distributor 
1005817,SHREE SAPTSAI ENTERPRISES
1005822,SHREE SAI SHRADDHA TRADERS
1005790,MAHADEV TRADERS
1005867,SHREE RAI AGENCY
1005869,Ranjit Dairy
1005902,New General store -Dogari
1005903,Shree Krishna dairy Farm
1005909,Shree Siddhnath Apla Bazar
1005902,NEW GENRAL STORE 
1005884,SHREE KRISHNA AGENCIES-Bhandup
1005910,Shree Mahakali Super Market 
1005912,Cups N Cons
1004654,Savla Marketing
1005909,Shri Sidhanath Apana Bazar
1005957,Sai Sadguru Ent
1005928,Parab dairy
1006032,Yogiraj dairy 
1006068,Jyoti Distributor
1005885,P A Brother
